{
  "files": [
    {
      "filepath": "/home/keminghe/proj-work/contrib-fuzzify/__tests__/utils.bench.ts",
      "groups": [
        {
          "fullName": "__tests__/utils.bench.ts",
          "benchmarks": [
            {
              "id": "-1248884344_0",
              "sampleCount": 134,
              "median": 3.6381399631500244,
              "name": "levenshteinFullMatrixSearch",
              "rank": 2,
              "rme": 1.9125015686828117,
              "totalTime": 500.86785477399826,
              "min": 3.4747620224952698,
              "max": 6.656813979148865,
              "hz": 267.535635842439,
              "period": 3.7378198117462555,
              "mean": 3.7378198117462555,
              "variance": 0.17825141208411566,
              "sd": 0.42219830895459026,
              "sem": 0.036472378843971455,
              "df": 133,
              "critical": 1.96,
              "moe": 0.07148586253418406,
              "p75": 3.7468050122261047,
              "p99": 5.7775309681892395,
              "p995": 6.656813979148865,
              "p999": 6.656813979148865
            },
            {
              "id": "-1248884344_1",
              "sampleCount": 13647,
              "median": 0.035607993602752686,
              "name": "getMaxLevenshteinDistance",
              "rank": 1,
              "rme": 0.3789746761222862,
              "totalTime": 500.0110992193222,
              "min": 0.03521198034286499,
              "max": 0.5219640135765076,
              "hz": 27293.394129265023,
              "period": 0.03663890226564975,
              "mean": 0.03663890226564975,
              "variance": 0.00006849049996385367,
              "sd": 0.008275898740551003,
              "sem": 0.00007084293938571793,
              "df": 13646,
              "critical": 1.96,
              "moe": 0.00013885216119600714,
              "p75": 0.035928964614868164,
              "p99": 0.06894999742507935,
              "p995": 0.08079302310943604,
              "p999": 0.139756977558136
            },
            {
              "id": "-1248884344_2",
              "sampleCount": 115,
              "median": 4.351763963699341,
              "name": "getMatchingIndices",
              "rank": 3,
              "rme": 0.6832604876119398,
              "totalTime": 503.44462782144547,
              "min": 4.210349977016449,
              "max": 5.024766981601715,
              "hz": 228.42631273599875,
              "period": 4.377779372360395,
              "mean": 4.377779372360395,
              "variance": 0.026213291438407327,
              "sd": 0.16190519274688916,
              "sem": 0.015097737071554892,
              "df": 114,
              "critical": 1.9812,
              "moe": 0.029911636686164554,
              "p75": 4.440456986427307,
              "p99": 4.984890997409821,
              "p995": 5.024766981601715,
              "p999": 5.024766981601715
            },
            {
              "id": "-1248884344_3",
              "sampleCount": 111,
              "median": 4.520973980426788,
              "name": "calculateScore",
              "rank": 4,
              "rme": 0.6229958739017899,
              "totalTime": 503.89105755090714,
              "min": 4.340812027454376,
              "max": 4.979479014873505,
              "hz": 220.2857112398465,
              "period": 4.539559077035199,
              "mean": 4.539559077035199,
              "variance": 0.02260025627126498,
              "sd": 0.15033381612686142,
              "sem": 0.01426905436087965,
              "df": 110,
              "critical": 1.982,
              "moe": 0.028281265743263468,
              "p75": 4.6429190039634705,
              "p99": 4.974684000015259,
              "p995": 4.979479014873505,
              "p999": 4.979479014873505
            }
          ]
        }
      ]
    }
  ]
}